trial,loghr,seloghr
1,0.185435,0.1995362
2,0.3775809,0.299469
3,-1.368354,0.3599114
4,-1.522357,0.3391452
5,-0.3634447,0.1936037
6,-0.560738,0.1674218
7,0.1902792,0.1573282
8,0.8414306,0.273038
9,-0.7105843,0.2151913
10,-0.7795557,0.1763176
11,0.4924769,0.1836235
12,-0.3402762,0.2152449
13,0.2164362,0.2896928
14,-0.4045428,0.2195903
15,-1.488507,0.3967768
